benchmark,warmup_iter,iter,name,command,duration,lines,env
linux_alternates,1,3,rg (ignore),rg -n ERR_SYS|PME_TURN_OFF|LINK_REQ_RST|CFG_BME_EVT,0.09816598892211914,68,
linux_alternates,1,3,rg (ignore),rg -n ERR_SYS|PME_TURN_OFF|LINK_REQ_RST|CFG_BME_EVT,0.08965039253234863,68,
linux_alternates,1,3,rg (ignore),rg -n ERR_SYS|PME_TURN_OFF|LINK_REQ_RST|CFG_BME_EVT,0.09101128578186035,68,
linux_alternates,1,3,rg (whitelist),rg --no-ignore -n ERR_SYS|PME_TURN_OFF|LINK_REQ_RST|CFG_BME_EVT,0.07472872734069824,68,
linux_alternates,1,3,rg (whitelist),rg --no-ignore -n ERR_SYS|PME_TURN_OFF|LINK_REQ_RST|CFG_BME_EVT,0.07628297805786133,68,
linux_alternates,1,3,rg (whitelist),rg --no-ignore -n ERR_SYS|PME_TURN_OFF|LINK_REQ_RST|CFG_BME_EVT,0.07189559936523438,68,
linux_alternates_casei,1,3,rg (ignore),rg -n -i ERR_SYS|PME_TURN_OFF|LINK_REQ_RST|CFG_BME_EVT,0.10288548469543457,160,
linux_alternates_casei,1,3,rg (ignore),rg -n -i ERR_SYS|PME_TURN_OFF|LINK_REQ_RST|CFG_BME_EVT,0.10204243659973145,160,
linux_alternates_casei,1,3,rg (ignore),rg -n -i ERR_SYS|PME_TURN_OFF|LINK_REQ_RST|CFG_BME_EVT,0.1031193733215332,160,
linux_alternates_casei,1,3,rg (whitelist),rg --no-ignore -n -i ERR_SYS|PME_TURN_OFF|LINK_REQ_RST|CFG_BME_EVT,0.08190178871154785,160,
linux_alternates_casei,1,3,rg (whitelist),rg --no-ignore -n -i ERR_SYS|PME_TURN_OFF|LINK_REQ_RST|CFG_BME_EVT,0.08523178100585938,160,
linux_alternates_casei,1,3,rg (whitelist),rg --no-ignore -n -i ERR_SYS|PME_TURN_OFF|LINK_REQ_RST|CFG_BME_EVT,0.07952761650085449,160,
linux_literal,1,3,rg (ignore),rg -n PM_RESUME,0.06972551345825195,16,
linux_literal,1,3,rg (ignore),rg -n PM_RESUME,0.0691523551940918,16,
linux_literal,1,3,rg (ignore),rg -n PM_RESUME,0.06865429878234863,16,
linux_literal,1,3,rg (ignore) (mmap),rg -n --mmap PM_RESUME,0.39247632026672363,16,
linux_literal,1,3,rg (ignore) (mmap),rg -n --mmap PM_RESUME,0.4009978771209717,16,
linux_literal,1,3,rg (ignore) (mmap),rg -n --mmap PM_RESUME,0.40122294425964355,16,
linux_literal,1,3,rg (whitelist),rg -n --no-ignore -tall PM_RESUME,0.062048912048339844,16,
linux_literal,1,3,rg (whitelist),rg -n --no-ignore -tall PM_RESUME,0.05932760238647461,16,
linux_literal,1,3,rg (whitelist),rg -n --no-ignore -tall PM_RESUME,0.058171749114990234,16,
linux_literal_casei,1,3,rg (ignore),rg -n -i PM_RESUME,0.08261799812316895,370,
linux_literal_casei,1,3,rg (ignore),rg -n -i PM_RESUME,0.0780181884765625,370,
linux_literal_casei,1,3,rg (ignore),rg -n -i PM_RESUME,0.07934045791625977,370,
linux_literal_casei,1,3,rg (ignore) (mmap),rg -n -i --mmap PM_RESUME,0.4008915424346924,370,
linux_literal_casei,1,3,rg (ignore) (mmap),rg -n -i --mmap PM_RESUME,0.3899986743927002,370,
linux_literal_casei,1,3,rg (ignore) (mmap),rg -n -i --mmap PM_RESUME,0.39725732803344727,370,
linux_literal_casei,1,3,rg (whitelist),rg -n -i --no-ignore -tall PM_RESUME,0.07104611396789551,370,
linux_literal_casei,1,3,rg (whitelist),rg -n -i --no-ignore -tall PM_RESUME,0.0707247257232666,370,
linux_literal_casei,1,3,rg (whitelist),rg -n -i --no-ignore -tall PM_RESUME,0.06864142417907715,370,
linux_literal_default,1,3,rg,rg PM_RESUME,0.06764745712280273,16,
linux_literal_default,1,3,rg,rg PM_RESUME,0.06994485855102539,16,
linux_literal_default,1,3,rg,rg PM_RESUME,0.0682222843170166,16,
linux_no_literal,1,3,rg (ignore),rg -n \w{5}\s+\w{5}\s+\w{5}\s+\w{5}\s+\w{5},0.27941250801086426,490,
linux_no_literal,1,3,rg (ignore),rg -n \w{5}\s+\w{5}\s+\w{5}\s+\w{5}\s+\w{5},0.31389880180358887,490,
linux_no_literal,1,3,rg (ignore),rg -n \w{5}\s+\w{5}\s+\w{5}\s+\w{5}\s+\w{5},0.30502963066101074,490,
linux_no_literal,1,3,rg (ignore) (ASCII),rg -n (?-u)\w{5}\s+\w{5}\s+\w{5}\s+\w{5}\s+\w{5},0.16565680503845215,490,
linux_no_literal,1,3,rg (ignore) (ASCII),rg -n (?-u)\w{5}\s+\w{5}\s+\w{5}\s+\w{5}\s+\w{5},0.16579079627990723,490,
linux_no_literal,1,3,rg (ignore) (ASCII),rg -n (?-u)\w{5}\s+\w{5}\s+\w{5}\s+\w{5}\s+\w{5},0.169691801071167,490,
linux_no_literal,1,3,rg (whitelist),rg -n --no-ignore -tall \w{5}\s+\w{5}\s+\w{5}\s+\w{5}\s+\w{5},0.2969038486480713,419,
linux_no_literal,1,3,rg (whitelist),rg -n --no-ignore -tall \w{5}\s+\w{5}\s+\w{5}\s+\w{5}\s+\w{5},0.2995884418487549,419,
linux_no_literal,1,3,rg (whitelist),rg -n --no-ignore -tall \w{5}\s+\w{5}\s+\w{5}\s+\w{5}\s+\w{5},0.27426910400390625,419,
linux_no_literal,1,3,rg (whitelist) (ASCII),rg -n --no-ignore -tall (?-u)\w{5}\s+\w{5}\s+\w{5}\s+\w{5}\s+\w{5},0.15207958221435547,419,
linux_no_literal,1,3,rg (whitelist) (ASCII),rg -n --no-ignore -tall (?-u)\w{5}\s+\w{5}\s+\w{5}\s+\w{5}\s+\w{5},0.15367984771728516,419,
linux_no_literal,1,3,rg (whitelist) (ASCII),rg -n --no-ignore -tall (?-u)\w{5}\s+\w{5}\s+\w{5}\s+\w{5}\s+\w{5},0.15249848365783691,419,
linux_re_literal_suffix,1,3,rg (ignore),rg -n [A-Z]+_RESUME,0.07145977020263672,1652,
linux_re_literal_suffix,1,3,rg (ignore),rg -n [A-Z]+_RESUME,0.07139325141906738,1652,
linux_re_literal_suffix,1,3,rg (ignore),rg -n [A-Z]+_RESUME,0.0708932876586914,1652,
linux_re_literal_suffix,1,3,rg (whitelist),rg -n --no-ignore -tall [A-Z]+_RESUME,0.05987191200256348,1630,
linux_re_literal_suffix,1,3,rg (whitelist),rg -n --no-ignore -tall [A-Z]+_RESUME,0.06223797798156738,1630,
linux_re_literal_suffix,1,3,rg (whitelist),rg -n --no-ignore -tall [A-Z]+_RESUME,0.06115579605102539,1630,
linux_unicode_greek,1,3,rg,rg -n \p{Greek},0.16427040100097656,23,
linux_unicode_greek,1,3,rg,rg -n \p{Greek},0.16524410247802734,23,
linux_unicode_greek,1,3,rg,rg -n \p{Greek},0.1664714813232422,23,
linux_unicode_greek_casei,1,3,rg,rg -n -i \p{Greek},0.16639113426208496,103,
linux_unicode_greek_casei,1,3,rg,rg -n -i \p{Greek},0.16803503036499023,103,
linux_unicode_greek_casei,1,3,rg,rg -n -i \p{Greek},0.16656923294067383,103,
linux_unicode_word,1,3,rg (ignore),rg -n \wAh,0.07580804824829102,186,
linux_unicode_word,1,3,rg (ignore),rg -n \wAh,0.07589507102966309,186,
linux_unicode_word,1,3,rg (ignore),rg -n \wAh,0.07574295997619629,186,
linux_unicode_word,1,3,rg (ignore) (ASCII),rg -n (?-u)\wAh,0.07641291618347168,174,
linux_unicode_word,1,3,rg (ignore) (ASCII),rg -n (?-u)\wAh,0.07523059844970703,174,
linux_unicode_word,1,3,rg (ignore) (ASCII),rg -n (?-u)\wAh,0.07748007774353027,174,
linux_unicode_word,1,3,rg (whitelist),rg -n --no-ignore -tall \wAh,0.06804847717285156,180,
linux_unicode_word,1,3,rg (whitelist),rg -n --no-ignore -tall \wAh,0.06720519065856934,180,
linux_unicode_word,1,3,rg (whitelist),rg -n --no-ignore -tall \wAh,0.06687021255493164,180,
linux_unicode_word,1,3,rg (whitelist) (ASCII),rg -n --no-ignore -tall (?-u)\wAh,0.06528687477111816,168,
linux_unicode_word,1,3,rg (whitelist) (ASCII),rg -n --no-ignore -tall (?-u)\wAh,0.07101035118103027,168,
linux_unicode_word,1,3,rg (whitelist) (ASCII),rg -n --no-ignore -tall (?-u)\wAh,0.06446981430053711,168,
linux_word,1,3,rg (ignore),rg -n -w PM_RESUME,0.07159972190856934,6,
linux_word,1,3,rg (ignore),rg -n -w PM_RESUME,0.0695488452911377,6,
linux_word,1,3,rg (ignore),rg -n -w PM_RESUME,0.07082796096801758,6,
linux_word,1,3,rg (whitelist),rg -n -w --no-ignore -tall PM_RESUME,0.06297016143798828,6,
linux_word,1,3,rg (whitelist),rg -n -w --no-ignore -tall PM_RESUME,0.06128263473510742,6,
linux_word,1,3,rg (whitelist),rg -n -w --no-ignore -tall PM_RESUME,0.06177973747253418,6,
subtitles_en_alternate,1,3,rg (lines),rg -n Sherlock Holmes|John Watson|Irene Adler|Inspector Lestrade|Professor Moriarty /data/benchsuite/subtitles/OpenSubtitles2016.raw.sample.en,0.36841607093811035,848,
subtitles_en_alternate,1,3,rg (lines),rg -n Sherlock Holmes|John Watson|Irene Adler|Inspector Lestrade|Professor Moriarty /data/benchsuite/subtitles/OpenSubtitles2016.raw.sample.en,0.30306172370910645,848,
subtitles_en_alternate,1,3,rg (lines),rg -n Sherlock Holmes|John Watson|Irene Adler|Inspector Lestrade|Professor Moriarty /data/benchsuite/subtitles/OpenSubtitles2016.raw.sample.en,0.3288271427154541,848,
subtitles_en_alternate,1,3,rg,rg Sherlock Holmes|John Watson|Irene Adler|Inspector Lestrade|Professor Moriarty /data/benchsuite/subtitles/OpenSubtitles2016.raw.sample.en,0.3186373710632324,848,
subtitles_en_alternate,1,3,rg,rg Sherlock Holmes|John Watson|Irene Adler|Inspector Lestrade|Professor Moriarty /data/benchsuite/subtitles/OpenSubtitles2016.raw.sample.en,0.23814082145690918,848,
subtitles_en_alternate,1,3,rg,rg Sherlock Holmes|John Watson|Irene Adler|Inspector Lestrade|Professor Moriarty /data/benchsuite/subtitles/OpenSubtitles2016.raw.sample.en,0.23152780532836914,848,
subtitles_en_alternate_casei,1,3,rg,rg -n -i Sherlock Holmes|John Watson|Irene Adler|Inspector Lestrade|Professor Moriarty /data/benchsuite/subtitles/OpenSubtitles2016.raw.sample.en,2.2480580806732178,862,
subtitles_en_alternate_casei,1,3,rg,rg -n -i Sherlock Holmes|John Watson|Irene Adler|Inspector Lestrade|Professor Moriarty /data/benchsuite/subtitles/OpenSubtitles2016.raw.sample.en,2.2288904190063477,862,
subtitles_en_alternate_casei,1,3,rg,rg -n -i Sherlock Holmes|John Watson|Irene Adler|Inspector Lestrade|Professor Moriarty /data/benchsuite/subtitles/OpenSubtitles2016.raw.sample.en,2.287020206451416,862,
subtitles_en_literal,1,3,rg,rg Sherlock Holmes /data/benchsuite/subtitles/OpenSubtitles2016.raw.sample.en,0.21738362312316895,629,
subtitles_en_literal,1,3,rg,rg Sherlock Holmes /data/benchsuite/subtitles/OpenSubtitles2016.raw.sample.en,0.16032648086547852,629,
subtitles_en_literal,1,3,rg,rg Sherlock Holmes /data/benchsuite/subtitles/OpenSubtitles2016.raw.sample.en,0.15392351150512695,629,
subtitles_en_literal,1,3,rg (no mmap),rg --no-mmap Sherlock Holmes /data/benchsuite/subtitles/OpenSubtitles2016.raw.sample.en,0.21230578422546387,629,
subtitles_en_literal,1,3,rg (no mmap),rg --no-mmap Sherlock Holmes /data/benchsuite/subtitles/OpenSubtitles2016.raw.sample.en,0.27013158798217773,629,
subtitles_en_literal,1,3,rg (no mmap),rg --no-mmap Sherlock Holmes /data/benchsuite/subtitles/OpenSubtitles2016.raw.sample.en,0.19994258880615234,629,
subtitles_en_literal,1,3,rg (lines),rg -n Sherlock Holmes /data/benchsuite/subtitles/OpenSubtitles2016.raw.sample.en,0.2728753089904785,629,
subtitles_en_literal,1,3,rg (lines),rg -n Sherlock Holmes /data/benchsuite/subtitles/OpenSubtitles2016.raw.sample.en,0.23652935028076172,629,
subtitles_en_literal,1,3,rg (lines),rg -n Sherlock Holmes /data/benchsuite/subtitles/OpenSubtitles2016.raw.sample.en,0.2579770088195801,629,
subtitles_en_literal_casei,1,3,rg,rg -i Sherlock Holmes /data/benchsuite/subtitles/OpenSubtitles2016.raw.sample.en,0.3031468391418457,642,
subtitles_en_literal_casei,1,3,rg,rg -i Sherlock Holmes /data/benchsuite/subtitles/OpenSubtitles2016.raw.sample.en,0.40822505950927734,642,
subtitles_en_literal_casei,1,3,rg,rg -i Sherlock Holmes /data/benchsuite/subtitles/OpenSubtitles2016.raw.sample.en,0.38727545738220215,642,
subtitles_en_literal_casei,1,3,rg (lines),rg -n -i Sherlock Holmes /data/benchsuite/subtitles/OpenSubtitles2016.raw.sample.en,0.4260599613189697,642,
subtitles_en_literal_casei,1,3,rg (lines),rg -n -i Sherlock Holmes /data/benchsuite/subtitles/OpenSubtitles2016.raw.sample.en,0.4490511417388916,642,
subtitles_en_literal_casei,1,3,rg (lines),rg -n -i Sherlock Holmes /data/benchsuite/subtitles/OpenSubtitles2016.raw.sample.en,0.49449872970581055,642,
subtitles_en_literal_word,1,3,rg (ASCII),rg -n (?-u:\b)Sherlock Holmes(?-u:\b) /data/benchsuite/subtitles/OpenSubtitles2016.raw.sample.en,0.2707977294921875,629,
subtitles_en_literal_word,1,3,rg (ASCII),rg -n (?-u:\b)Sherlock Holmes(?-u:\b) /data/benchsuite/subtitles/OpenSubtitles2016.raw.sample.en,0.2691836357116699,629,
subtitles_en_literal_word,1,3,rg (ASCII),rg -n (?-u:\b)Sherlock Holmes(?-u:\b) /data/benchsuite/subtitles/OpenSubtitles2016.raw.sample.en,0.24464011192321777,629,
subtitles_en_literal_word,1,3,rg,rg -nw Sherlock Holmes /data/benchsuite/subtitles/OpenSubtitles2016.raw.sample.en,0.22373199462890625,629,
subtitles_en_literal_word,1,3,rg,rg -nw Sherlock Holmes /data/benchsuite/subtitles/OpenSubtitles2016.raw.sample.en,0.25702810287475586,629,
subtitles_en_literal_word,1,3,rg,rg -nw Sherlock Holmes /data/benchsuite/subtitles/OpenSubtitles2016.raw.sample.en,0.23047828674316406,629,
subtitles_en_no_literal,1,3,rg,rg -n \w{5}\s+\w{5}\s+\w{5}\s+\w{5}\s+\w{5}\s+\w{5}\s+\w{5} /data/benchsuite/subtitles/OpenSubtitles2016.raw.sample.en,2.139404773712158,13,
subtitles_en_no_literal,1,3,rg,rg -n \w{5}\s+\w{5}\s+\w{5}\s+\w{5}\s+\w{5}\s+\w{5}\s+\w{5} /data/benchsuite/subtitles/OpenSubtitles2016.raw.sample.en,2.0484464168548584,13,
subtitles_en_no_literal,1,3,rg,rg -n \w{5}\s+\w{5}\s+\w{5}\s+\w{5}\s+\w{5}\s+\w{5}\s+\w{5} /data/benchsuite/subtitles/OpenSubtitles2016.raw.sample.en,2.0293972492218018,13,
subtitles_en_no_literal,1,3,rg (ASCII),rg -n (?-u)\w{5}\s+\w{5}\s+\w{5}\s+\w{5}\s+\w{5}\s+\w{5}\s+\w{5} /data/benchsuite/subtitles/OpenSubtitles2016.raw.sample.en,1.840238094329834,13,
subtitles_en_no_literal,1,3,rg (ASCII),rg -n (?-u)\w{5}\s+\w{5}\s+\w{5}\s+\w{5}\s+\w{5}\s+\w{5}\s+\w{5} /data/benchsuite/subtitles/OpenSubtitles2016.raw.sample.en,1.7812306880950928,13,
subtitles_en_no_literal,1,3,rg (ASCII),rg -n (?-u)\w{5}\s+\w{5}\s+\w{5}\s+\w{5}\s+\w{5}\s+\w{5}\s+\w{5} /data/benchsuite/subtitles/OpenSubtitles2016.raw.sample.en,1.7657690048217773,13,
subtitles_en_surrounding_words,1,3,rg,rg -n \w+\s+Holmes\s+\w+ /data/benchsuite/subtitles/OpenSubtitles2016.raw.sample.en,0.26054978370666504,317,
subtitles_en_surrounding_words,1,3,rg,rg -n \w+\s+Holmes\s+\w+ /data/benchsuite/subtitles/OpenSubtitles2016.raw.sample.en,0.2869753837585449,317,
subtitles_en_surrounding_words,1,3,rg,rg -n \w+\s+Holmes\s+\w+ /data/benchsuite/subtitles/OpenSubtitles2016.raw.sample.en,0.22949600219726562,317,
subtitles_en_surrounding_words,1,3,rg (ASCII),rg -n (?-u)\w+\s+Holmes\s+\w+ /data/benchsuite/subtitles/OpenSubtitles2016.raw.sample.en,0.21858429908752441,317,
subtitles_en_surrounding_words,1,3,rg (ASCII),rg -n (?-u)\w+\s+Holmes\s+\w+ /data/benchsuite/subtitles/OpenSubtitles2016.raw.sample.en,0.2064223289489746,317,
subtitles_en_surrounding_words,1,3,rg (ASCII),rg -n (?-u)\w+\s+Holmes\s+\w+ /data/benchsuite/subtitles/OpenSubtitles2016.raw.sample.en,0.20789289474487305,317,
subtitles_ru_alternate,1,3,rg (lines),rg -n Шерлок Холмс|Джон Уотсон|Ирен Адлер|инспектор Лестрейд|профессор Мориарти /data/benchsuite/subtitles/OpenSubtitles2016.raw.ru,1.313758373260498,691,
subtitles_ru_alternate,1,3,rg (lines),rg -n Шерлок Холмс|Джон Уотсон|Ирен Адлер|инспектор Лестрейд|профессор Мориарти /data/benchsuite/subtitles/OpenSubtitles2016.raw.ru,1.2925219535827637,691,
subtitles_ru_alternate,1,3,rg (lines),rg -n Шерлок Холмс|Джон Уотсон|Ирен Адлер|инспектор Лестрейд|профессор Мориарти /data/benchsuite/subtitles/OpenSubtitles2016.raw.ru,1.3444299697875977,691,
subtitles_ru_alternate,1,3,rg,rg Шерлок Холмс|Джон Уотсон|Ирен Адлер|инспектор Лестрейд|профессор Мориарти /data/benchsuite/subtitles/OpenSubtitles2016.raw.ru,1.264918565750122,691,
subtitles_ru_alternate,1,3,rg,rg Шерлок Холмс|Джон Уотсон|Ирен Адлер|инспектор Лестрейд|профессор Мориарти /data/benchsuite/subtitles/OpenSubtitles2016.raw.ru,1.30733060836792,691,
subtitles_ru_alternate,1,3,rg,rg Шерлок Холмс|Джон Уотсон|Ирен Адлер|инспектор Лестрейд|профессор Мориарти /data/benchsuite/subtitles/OpenSubtitles2016.raw.ru,1.1466560363769531,691,
subtitles_ru_alternate_casei,1,3,rg,rg -n -i Шерлок Холмс|Джон Уотсон|Ирен Адлер|инспектор Лестрейд|профессор Мориарти /data/benchsuite/subtitles/OpenSubtitles2016.raw.ru,3.783818244934082,735,
subtitles_ru_alternate_casei,1,3,rg,rg -n -i Шерлок Холмс|Джон Уотсон|Ирен Адлер|инспектор Лестрейд|профессор Мориарти /data/benchsuite/subtitles/OpenSubtitles2016.raw.ru,3.76894474029541,735,
subtitles_ru_alternate_casei,1,3,rg,rg -n -i Шерлок Холмс|Джон Уотсон|Ирен Адлер|инспектор Лестрейд|профессор Мориарти /data/benchsuite/subtitles/OpenSubtitles2016.raw.ru,3.788987398147583,735,
subtitles_ru_literal,1,3,rg,rg Шерлок Холмс /data/benchsuite/subtitles/OpenSubtitles2016.raw.ru,0.2822730541229248,583,
subtitles_ru_literal,1,3,rg,rg Шерлок Холмс /data/benchsuite/subtitles/OpenSubtitles2016.raw.ru,0.25232434272766113,583,
subtitles_ru_literal,1,3,rg,rg Шерлок Холмс /data/benchsuite/subtitles/OpenSubtitles2016.raw.ru,0.2563645839691162,583,
subtitles_ru_literal,1,3,rg (no mmap),rg --no-mmap Шерлок Холмс /data/benchsuite/subtitles/OpenSubtitles2016.raw.ru,0.34694504737854004,583,
subtitles_ru_literal,1,3,rg (no mmap),rg --no-mmap Шерлок Холмс /data/benchsuite/subtitles/OpenSubtitles2016.raw.ru,0.3202054500579834,583,
subtitles_ru_literal,1,3,rg (no mmap),rg --no-mmap Шерлок Холмс /data/benchsuite/subtitles/OpenSubtitles2016.raw.ru,0.3236703872680664,583,
subtitles_ru_literal,1,3,rg (lines),rg -n Шерлок Холмс /data/benchsuite/subtitles/OpenSubtitles2016.raw.ru,0.36035776138305664,583,
subtitles_ru_literal,1,3,rg (lines),rg -n Шерлок Холмс /data/benchsuite/subtitles/OpenSubtitles2016.raw.ru,0.3270585536956787,583,
subtitles_ru_literal,1,3,rg (lines),rg -n Шерлок Холмс /data/benchsuite/subtitles/OpenSubtitles2016.raw.ru,0.3121967315673828,583,
subtitles_ru_literal_casei,1,3,rg,rg -i Шерлок Холмс /data/benchsuite/subtitles/OpenSubtitles2016.raw.ru,1.0397696495056152,604,
subtitles_ru_literal_casei,1,3,rg,rg -i Шерлок Холмс /data/benchsuite/subtitles/OpenSubtitles2016.raw.ru,1.158402442932129,604,
subtitles_ru_literal_casei,1,3,rg,rg -i Шерлок Холмс /data/benchsuite/subtitles/OpenSubtitles2016.raw.ru,1.1158676147460938,604,
subtitles_ru_literal_casei,1,3,rg (lines),rg -n -i Шерлок Холмс /data/benchsuite/subtitles/OpenSubtitles2016.raw.ru,1.2041549682617188,604,
subtitles_ru_literal_casei,1,3,rg (lines),rg -n -i Шерлок Холмс /data/benchsuite/subtitles/OpenSubtitles2016.raw.ru,1.1511006355285645,604,
subtitles_ru_literal_casei,1,3,rg (lines),rg -n -i Шерлок Холмс /data/benchsuite/subtitles/OpenSubtitles2016.raw.ru,1.1794021129608154,604,
subtitles_ru_literal_word,1,3,rg (ASCII),rg -n (?-u:\b)Шерлок Холмс(?-u:\b) /data/benchsuite/subtitles/OpenSubtitles2016.raw.ru,0.19694828987121582,,
subtitles_ru_literal_word,1,3,rg (ASCII),rg -n (?-u:\b)Шерлок Холмс(?-u:\b) /data/benchsuite/subtitles/OpenSubtitles2016.raw.ru,0.1980271339416504,,
subtitles_ru_literal_word,1,3,rg (ASCII),rg -n (?-u:\b)Шерлок Холмс(?-u:\b) /data/benchsuite/subtitles/OpenSubtitles2016.raw.ru,0.2128591537475586,,
subtitles_ru_literal_word,1,3,rg,rg -nw Шерлок Холмс /data/benchsuite/subtitles/OpenSubtitles2016.raw.ru,0.3568108081817627,579,
subtitles_ru_literal_word,1,3,rg,rg -nw Шерлок Холмс /data/benchsuite/subtitles/OpenSubtitles2016.raw.ru,0.3353869915008545,579,
subtitles_ru_literal_word,1,3,rg,rg -nw Шерлок Холмс /data/benchsuite/subtitles/OpenSubtitles2016.raw.ru,0.3075387477874756,579,
subtitles_ru_no_literal,1,3,rg,rg -n \w{5}\s+\w{5}\s+\w{5}\s+\w{5}\s+\w{5}\s+\w{5}\s+\w{5} /data/benchsuite/subtitles/OpenSubtitles2016.raw.ru,3.5629587173461914,41,
subtitles_ru_no_literal,1,3,rg,rg -n \w{5}\s+\w{5}\s+\w{5}\s+\w{5}\s+\w{5}\s+\w{5}\s+\w{5} /data/benchsuite/subtitles/OpenSubtitles2016.raw.ru,3.5984435081481934,41,
subtitles_ru_no_literal,1,3,rg,rg -n \w{5}\s+\w{5}\s+\w{5}\s+\w{5}\s+\w{5}\s+\w{5}\s+\w{5} /data/benchsuite/subtitles/OpenSubtitles2016.raw.ru,3.4725229740142822,41,
subtitles_ru_no_literal,1,3,rg (ASCII),rg -n (?-u)\w{5}\s+\w{5}\s+\w{5}\s+\w{5}\s+\w{5}\s+\w{5}\s+\w{5} /data/benchsuite/subtitles/OpenSubtitles2016.raw.ru,3.170077323913574,,
subtitles_ru_no_literal,1,3,rg (ASCII),rg -n (?-u)\w{5}\s+\w{5}\s+\w{5}\s+\w{5}\s+\w{5}\s+\w{5}\s+\w{5} /data/benchsuite/subtitles/OpenSubtitles2016.raw.ru,3.064476490020752,,
subtitles_ru_no_literal,1,3,rg (ASCII),rg -n (?-u)\w{5}\s+\w{5}\s+\w{5}\s+\w{5}\s+\w{5}\s+\w{5}\s+\w{5} /data/benchsuite/subtitles/OpenSubtitles2016.raw.ru,3.159156084060669,,
subtitles_ru_surrounding_words,1,3,rg,rg -n \w+\s+Холмс\s+\w+ /data/benchsuite/subtitles/OpenSubtitles2016.raw.ru,0.3924906253814697,278,
subtitles_ru_surrounding_words,1,3,rg,rg -n \w+\s+Холмс\s+\w+ /data/benchsuite/subtitles/OpenSubtitles2016.raw.ru,0.3874075412750244,278,
subtitles_ru_surrounding_words,1,3,rg,rg -n \w+\s+Холмс\s+\w+ /data/benchsuite/subtitles/OpenSubtitles2016.raw.ru,0.39940643310546875,278,
